<?xml version="1.0" encoding="UTF-8"?>
<!DOCTYPE log4j:configuration SYSTEM "log4j.dtd">
<log4j:configuration xmlns:log4j='http://jakarta.apache.org/log4j/'>
	<appender name="myConsole" class="org.apache.log4j.ConsoleAppender">
		<layout class="org.apache.log4j.PatternLayout">
			<param name="ConversionPattern" value="[%d{yyyy-MM-dd'T'HH:mm:ss:SSSZZ\} %-5p] %c{1\} - %m%n" />
		</layout>    
	</appender>
	<appender name="file" class="org.apache.log4j.RollingFileAppender">
		<param name="File" value="logs/search.log" />
		<param name="Append" value="true" />
		<param name="MaxFileSize" value="20000KB" />
		<param name="MaxBackupIndex" value="5" />
		<layout class="org.apache.log4j.PatternLayout">
			<param name="ConversionPattern" value="[%d{yyyy-MM-dd'T'HH:mm:ss:SSSZZ\} %-5p] %c{1\} - %m%n" />
		</layout>
	</appender>
	<logger name="com.ewhine">
		<level value="INFO" />
	</logger>
	
	<root>
		<priority value="ERROR" />
		<appender-ref ref="myConsole" />
		<appender-ref ref="file" />
	</root>
</log4j:configuration>